   block,     type,unlocked,                timestamp,              amount,     running balance,                                                            hash,      payment ID,           fee,                                                                                         destination,              amount,index,note,memo
 1386392,       in,        ,     2024-08-19 22:50:46Z,             20.0000,             20.0000,a5cd3dfd9b0f17e0e495a05da325c92413a109bfa7fa468b7f6f1b617e5ed304,0000000000000000,        0.0000,   Tw1WW1jYkS3144DkXTDQgg6j2fDk28KuDeYdQZb91UvnZ462yRExJz2h7k116wXbRp4JhcYyfb3PabpTuaRX9DiG2U5kGJ6wS,             20.0000,"0",,unlocked
 1387861,       in,        ,     2024-08-22 00:06:48Z,             50.0000,             70.0000,c479254e2787cc59f0312048c803286a2c2efc3bd13367191e4124dcdd948297,0000000000000000,        0.0000,   Tw1WW1jYkS3144DkXTDQgg6j2fDk28KuDeYdQZb91UvnZ462yRExJz2h7k116wXbRp4JhcYyfb3PabpTuaRX9DiG2U5kGJ6wS,             50.0000,"0",,unlocked
 1387880,       in,        ,     2024-08-22 00:45:10Z,             30.0000,            100.0000,d8239d37478505fc6a68e019982696a088316637e07f5aa735421e011b3035a3,0000000000000000,        0.0000,   Tw1WW1jYkS3144DkXTDQgg6j2fDk28KuDeYdQZb91UvnZ462yRExJz2h7k116wXbRp4JhcYyfb3PabpTuaRX9DiG2U5kGJ6wS,             30.0000,"0",,unlocked
 1387885,       in,        ,     2024-08-22 00:52:48Z,             30.0000,            130.0000,df8bb8736074d2a40c67f509fbc92b4e097536f47c3aa0860608f3cc1f9c149d,0000000000000000,        0.0000,   Tw1WW1jYkS3144DkXTDQgg6j2fDk28KuDeYdQZb91UvnZ462yRExJz2h7k116wXbRp4JhcYyfb3PabpTuaRX9DiG2U5kGJ6wS,             30.0000,"0",,unlocked
 1388599,      out,unlocked,     2024-08-23 00:49:37Z,            129.7600,              0.0000,8b0232256f4389cf504557cb87c1af4528775abb5a4c4dcc694cd2fc425adfb3,0000000000000000,        0.2400,                                                                                                   -,                    ,"0",,
 1391014,       in,        ,     2024-08-26 09:47:37Z,            300.0000,            300.0000,187e8c38d0f6d74a533a1b409e3c75241ca3216bb7c4e46628c5d3905bd7f77b,0000000000000000,        0.0000,   Tw1WW1jYkS3144DkXTDQgg6j2fDk28KuDeYdQZb91UvnZ462yRExJz2h7k116wXbRp4JhcYyfb3PabpTuaRX9DiG2U5kGJ6wS,            300.0000,"0",,unlocked
 1391026,      out,unlocked,     2024-08-26 10:19:05Z,             22.3100,            277.5700,774818595880fa8be25af0605ed077927356d8ec8b3ff56f08130a228597599a,0000000000000000,        0.1200,                                                                                                   -,                    ,"0",,
 1391214,      out,unlocked,     2024-08-26 17:23:55Z,            277.4500,              0.0000,9c784b5c7621d922f2548557976bf0bb0dd84fba589a072670b0750c7ef4f5ca,0000000000000000,        0.1200,                                                                                                   -,                    ,"0",,
 1391382,       in,        ,     2024-08-26 22:56:26Z,            111.0000,            111.0000,1a1f61433aac81e184a128c62dcb6a512004bdb7c519986320e43f7bceb55701,0000000000000000,        0.0000,   Tw1WW1jYkS3144DkXTDQgg6j2fDk28KuDeYdQZb91UvnZ462yRExJz2h7k116wXbRp4JhcYyfb3PabpTuaRX9DiG2U5kGJ6wS,            111.0000,"0",,unlocked
 1391507,       in,        ,     2024-08-27 03:30:25Z,             30.0000,            141.0000,d9c8ca656ef0903a66bfc9a1de346b685786c58ecd5b39d013d77dabfdb81cfb,0000000000000000,        0.0000,   Tw1WW1jYkS3144DkXTDQgg6j2fDk28KuDeYdQZb91UvnZ462yRExJz2h7k116wXbRp4JhcYyfb3PabpTuaRX9DiG2U5kGJ6wS,             30.0000,"0",,unlocked
 1391931,      out,unlocked,     2024-08-27 17:16:24Z,            140.8400,              0.0000,b84b5675a52ac84cdc3d05814ccfdeedbafc4a5ffcab95cf15bb7b92cdd45bdf,0000000000000000,        0.1600,                                                                                                   -,                    ,"0",,
 1392119,       in,        ,     2024-08-27 23:40:51Z,            100.0000,            100.0000,a858088c76fb4f5de0e05fc96d1d4f0d29a88e76adab2d588d45188ec5eafcd6,0000000000000000,        0.0000,   Tw1WW1jYkS3144DkXTDQgg6j2fDk28KuDeYdQZb91UvnZ462yRExJz2h7k116wXbRp4JhcYyfb3PabpTuaRX9DiG2U5kGJ6wS,            100.0000,"0",,unlocked
 1392224,      out,unlocked,     2024-08-28 03:07:09Z,             19.4000,             80.4800,bfed6d4f02c6101db10087b8fad6fc1afc48bc1c1394d6487d645bdc59427577,0000000000000000,        0.1200,                                                                                                   -,                    ,"0",,
 1392463,      out,unlocked,     2024-08-28 11:17:32Z,             13.5800,             66.7800,952b9d32e4fdedc357b1a5295ba8b8367ed4002ae22b3b5d097a66bb92130b69,0000000000000000,        0.1200,                                                                                                   -,                    ,"0",,
 1392770,       in,        ,     2024-08-28 21:36:32Z,            236.0000,            302.7800,f7a3be30c015ef73e2742b40bd7572dfc026902e6eb2896a6e461bc385622069,0000000000000000,        0.0000,   Tw1WW1jYkS3144DkXTDQgg6j2fDk28KuDeYdQZb91UvnZ462yRExJz2h7k116wXbRp4JhcYyfb3PabpTuaRX9DiG2U5kGJ6wS,            236.0000,"0",,unlocked
 1392904,       in,        ,     2024-08-29 02:08:54Z,             20.0000,            322.7800,b3bb0f39ac3267e1bfd96e53ae72da87656b5fbfde83298c65a1e36cc486818a,0000000000000000,        0.0000,   Tw1WW1jYkS3144DkXTDQgg6j2fDk28KuDeYdQZb91UvnZ462yRExJz2h7k116wXbRp4JhcYyfb3PabpTuaRX9DiG2U5kGJ6wS,             20.0000,"0",,unlocked
 1393589,      out,unlocked,     2024-08-30 01:01:33Z,              0.0000,            322.5800,ddf85195ba33cc65cd038a41dbf88ebb15fe6495603302e53124992f890b0ff0,0000000000000000,        0.2000,                                                                                                   -,                    ,"0",,
 1394317,      out,unlocked,     2024-08-31 01:11:36Z,              0.0000,            322.4600,bfe2b8cd0dbed9be57689eb096247fbbd5caa67e4d79fa87072ab7dd5b7d159a,0000000000000000,        0.1200,                                                                                                   -,                    ,"0",,
 1394906,       in,        ,     2024-08-31 21:22:30Z,             10.0000,            332.4600,852b8fabea7fe34479b3a41401494735bf69e47b8330af9170559da73a838fb5,0000000000000000,        0.0000,   Tw1WW1jYkS3144DkXTDQgg6j2fDk28KuDeYdQZb91UvnZ462yRExJz2h7k116wXbRp4JhcYyfb3PabpTuaRX9DiG2U5kGJ6wS,             10.0000,"0",,unlocked
 1394959,       in,        ,     2024-08-31 23:06:20Z,              5.0000,            337.4600,339c82bb63caa1a5be11e08788cf9e1d86c46852c363b09e6997ebfd17850941,0000000000000000,        0.0000,   Tw1WW1jYkS3144DkXTDQgg6j2fDk28KuDeYdQZb91UvnZ462yRExJz2h7k116wXbRp4JhcYyfb3PabpTuaRX9DiG2U5kGJ6wS,              5.0000,"0",,unlocked
 1394965,       in,        ,     2024-08-31 23:15:50Z,              5.0000,            342.4600,ac08fd8b1bb99db67bb041f47007afd14344eb4fe287b4803b6359f845597851,0000000000000000,        0.0000,   Tw1WW1jYkS3144DkXTDQgg6j2fDk28KuDeYdQZb91UvnZ462yRExJz2h7k116wXbRp4JhcYyfb3PabpTuaRX9DiG2U5kGJ6wS,              5.0000,"0",,unlocked
 1395099,      out,unlocked,     2024-09-01 03:54:51Z,             22.3100,            320.0300,48f6b391a690b3385eac55c7dab629acc1ae72ed2b6f30093e59e3cfa6491fef,0000000000000000,        0.1200,                                                                                                   -,                    ,"0",,
 1395107,      out,unlocked,     2024-09-01 04:20:43Z,              4.8500,            315.0200,df43343c9287bde5076e1127daa5d5eca77d07187cfd20bdbe5f1cddc5cba05e,0000000000000000,        0.1600,                                                                                                   -,                    ,"0",,
 1395107,      out,unlocked,     2024-09-01 04:20:43Z,              4.8500,            310.0500,a87131481494f40e696211dea44719ce8fbb93b015e8efe932e9c4ccb3048cf6,0000000000000000,        0.1200,                                                                                                   -,                    ,"0",,
 1395258,       in,        ,     2024-09-01 09:06:34Z,             20.0000,            330.0500,445a868f38b7f79ebb36982ec250a1d8c9ebf7afa541fb39feb7d3c096dcfd16,0000000000000000,        0.0000,   Tw1WW1jYkS3144DkXTDQgg6j2fDk28KuDeYdQZb91UvnZ462yRExJz2h7k116wXbRp4JhcYyfb3PabpTuaRX9DiG2U5kGJ6wS,             20.0000,"0",,unlocked
 1395261,      out,unlocked,     2024-09-01 09:09:57Z,              9.7000,            320.2300,8328e8ae822f7939b0aa134543f2c4920076acb5f45df4591ecc75e7818bce1c,0000000000000000,        0.1200,                                                                                                   -,                    ,"0",,
 1395275,       in,        ,     2024-09-01 09:43:26Z,             20.0000,            340.2300,3e02ce0806eb92beff582a707b73f5e5bd36de22c16ad839d0f2f896799e698c,0000000000000000,        0.0000,   Tw1WW1jYkS3144DkXTDQgg6j2fDk28KuDeYdQZb91UvnZ462yRExJz2h7k116wXbRp4JhcYyfb3PabpTuaRX9DiG2U5kGJ6wS,             20.0000,"0",,unlocked
 1395520,       in,        ,     2024-09-01 17:59:58Z,          50000.0000,          50340.2300,e4129c330c0405e7010a266e7aeded6dfc1b1e0a571c369ffeee35c15f042eff,0000000000000000,        0.0000,   Tw1WW1jYkS3144DkXTDQgg6j2fDk28KuDeYdQZb91UvnZ462yRExJz2h7k116wXbRp4JhcYyfb3PabpTuaRX9DiG2U5kGJ6wS,          50000.0000,"0",,unlocked
 1395521,       in,        ,     2024-09-01 18:00:42Z,            500.0000,          50840.2300,2a8e7faf72315b6f143f8766d5c340f0b5021acdf8997373d6e63f4d583588e7,0000000000000000,        0.0000,   Tw1WW1jYkS3144DkXTDQgg6j2fDk28KuDeYdQZb91UvnZ462yRExJz2h7k116wXbRp4JhcYyfb3PabpTuaRX9DiG2U5kGJ6wS,            500.0000,"0",,unlocked
 1395539,       in,        ,     2024-09-01 18:39:37Z,          25000.0000,          75840.2300,db6dd946b21e0fccfd3b908324345fbab2f96b5108e18285914a10630e6612df,0000000000000000,        0.0000,   Tw1WW1jYkS3144DkXTDQgg6j2fDk28KuDeYdQZb91UvnZ462yRExJz2h7k116wXbRp4JhcYyfb3PabpTuaRX9DiG2U5kGJ6wS,          25000.0000,"0",,unlocked
 1395544,      out,unlocked,     2024-09-01 18:49:39Z,          47045.0000,          28795.0700,ec64f5244a498eff58059fbf572971fa935d8f211b41976969f5e70b8e3c95c8,0000000000000000,        0.1600,                                                                                                   -,                    ,"0",,
 1395544,       in,        ,     2024-09-01 18:49:39Z,       10000000.0000,       10028795.0700,3860fddaa1d01a11d6e6b345d0b756751fd03ceecc6a67fe1442fd9bd9827b73,0000000000000000,        0.0000,   Tw1WW1jYkS3144DkXTDQgg6j2fDk28KuDeYdQZb91UvnZ462yRExJz2h7k116wXbRp4JhcYyfb3PabpTuaRX9DiG2U5kGJ6wS,       10000000.0000,"0",,unlocked
 1395563,      out,unlocked,     2024-09-01 19:22:51Z,           9700.0000,       10019094.9100,f1bc276bbc62fbbb7c3f87e3dcb34b4b74d27498b17130a6fc8ada1c4f0f3c39,0000000000000000,        0.1600,                                                                                                   -,                    ,"0",,
 1395586,      out,unlocked,     2024-09-01 20:05:13Z,          13822.5000,       10005272.2500,2e6a137c18930c975e311d752f7047c767f1e74d4516edb076eaed357f470a44,0000000000000000,        0.1600,                                                                                                   -,                    ,"0",,
 1395630,       in,        ,     2024-09-01 21:32:50Z,           1000.0000,       10006272.2500,a4930bfb6b58534baf09e31442fa8337d2910033223a0638ef19fa838c43f208,0000000000000000,        0.0000,   Tw1WW1jYkS3144DkXTDQgg6j2fDk28KuDeYdQZb91UvnZ462yRExJz2h7k116wXbRp4JhcYyfb3PabpTuaRX9DiG2U5kGJ6wS,           1000.0000,"0",,unlocked
 1395630,      out,unlocked,     2024-09-01 21:32:50Z,            970.0000,       10005302.0900,1d454c4ca16c1d901a3a4252417c7b249c8e5aae4667c08b8318c8b14299c742,0000000000000000,        0.1600,                                                                                                   -,                    ,"0",,
 1395634,       in,        ,     2024-09-01 21:42:29Z,           6577.0000,       10011879.0900,faea198e215ae560b87563ad03c21511891153e9948995fb7092abc2254e4dea,0000000000000000,        0.0000,   Tw1WW1jYkS3144DkXTDQgg6j2fDk28KuDeYdQZb91UvnZ462yRExJz2h7k116wXbRp4JhcYyfb3PabpTuaRX9DiG2U5kGJ6wS,           6577.0000,"0",,unlocked
 1395641,      out,unlocked,     2024-09-01 21:51:05Z,        2351805.7400,        7660073.1900,84313ee12a0dc53eae25891bd60eedd235866d2b2a0f64f8da51142ec4c6b9b8,0000000000000000,        0.1600,                                                                                                   -,                    ,"0",,
 1395653,      out,unlocked,     2024-09-01 22:17:02Z,         165791.9167,        7494281.1133,cfc2a7ea4ead3e4e5db78adced5f2c93f65f98cd9a41b613e6b136c1cbe856be,0000000000000000,        0.1600,                                                                                                   -,                    ,"0",,
 1395664,       in,        ,     2024-09-01 22:38:01Z,           5000.0000,        7499281.1133,5c4cca1c91c202e8c5f57eb96d893bf62b8cf22b27f0a06f32ad4ee34193bb51,0000000000000000,        0.0000,   Tw1WW1jYkS3144DkXTDQgg6j2fDk28KuDeYdQZb91UvnZ462yRExJz2h7k116wXbRp4JhcYyfb3PabpTuaRX9DiG2U5kGJ6wS,           5000.0000,"0",,unlocked
 1395695,      out,unlocked,     2024-09-01 23:48:41Z,            825.6304,        7498455.3229,9c3d1b684b1b10beee92d2bd121ff1a2afd15b432c7fa25eedd483433c2676b0,0000000000000000,        0.1600,                                                                                                   -,                    ,"0",,
 1395777,      out,unlocked,     2024-09-02 02:32:03Z,              9.7000,        7498445.5029,ff1f42c8125e2eb982919f1a8b02e9ecfaafe726903dabdc11585ea141ae0b50,0000000000000000,        0.1200,                                                                                                   -,                    ,"0",,
 1395785,      out,unlocked,     2024-09-02 02:43:28Z,         244111.9191,        7254333.4638,59e15ecbf02c414533985761bce81c45132899940e755b7886987df42148542b,0000000000000000,        0.1200,                                                                                                   -,                    ,"0",,
 1396066,       in,        ,     2024-09-02 12:06:08Z,            100.0000,        7254433.4638,c66567721e3f6da3124be6deaa63cd8dfe2b56ee2744bee1e9a9666fb49e6de8,0000000000000000,        0.0000,   Tw1WW1jYkS3144DkXTDQgg6j2fDk28KuDeYdQZb91UvnZ462yRExJz2h7k116wXbRp4JhcYyfb3PabpTuaRX9DiG2U5kGJ6wS,            100.0000,"0",,unlocked
 1396094,      out,unlocked,     2024-09-02 13:04:55Z,              0.0000,        7254433.1438,edc8a53951c8743b70e23691760fdddf6b6c4abf4db115e3301a1ced38779bfa,0000000000000000,        0.3200,                                                                                                   -,                    ,"0",,
 1396188,      out,unlocked,     2024-09-02 16:25:06Z,          38800.0000,        7215633.0238,b19a73c560b01ea7aeb653882aa0be7c0859d3e8f101effa3b8cdf18bb68bbab,0000000000000000,        0.1200,                                                                                                   -,                    ,"0",,
 1396234,       in,        ,     2024-09-02 17:59:14Z,             19.0000,        7215652.0238,ea1af7a56ccaf6280f51cb4631b4fe8e4e49cc57455fda3eb3f4fcdd4b3f7871,0000000000000000,        0.0000,   Tw1WW1jYkS3144DkXTDQgg6j2fDk28KuDeYdQZb91UvnZ462yRExJz2h7k116wXbRp4JhcYyfb3PabpTuaRX9DiG2U5kGJ6wS,             19.0000,"0",,unlocked
 1396405,       in,        ,     2024-09-02 23:27:00Z,           1000.0000,        7216652.0238,b046d97baa494439cfa7d737b59848b8b1ea9a1f52a998480dfa742c99fee7ab,0000000000000000,        0.0000,   Tw1WW1jYkS3144DkXTDQgg6j2fDk28KuDeYdQZb91UvnZ462yRExJz2h7k116wXbRp4JhcYyfb3PabpTuaRX9DiG2U5kGJ6wS,           1000.0000,"0",,unlocked
 1396454,      out,unlocked,     2024-09-03 01:16:47Z,         186297.9098,        7030353.9940,7909822ce3746637de8632f7a8947cd829512a00b55a0f71afe0aed3fd47f5f9,0000000000000000,        0.1200,                                                                                                   -,                    ,"0",,
 1396511,       in,        ,     2024-09-03 03:18:44Z,            100.0000,        7030453.9940,9d9ad85876dfb741adf850428ff880cbd6d6b66d41373e9fd2bd47f058f411d6,0000000000000000,        0.0000,   Tw1WW1jYkS3144DkXTDQgg6j2fDk28KuDeYdQZb91UvnZ462yRExJz2h7k116wXbRp4JhcYyfb3PabpTuaRX9DiG2U5kGJ6wS,            100.0000,"0",,unlocked
 1396805,      out,unlocked,     2024-09-03 13:22:16Z,              0.0000,        7030453.7540,3a59fbebc8d5e83e75f74bfe83f5be82bb7b50c8228d1ef28761a46913e9e7fa,0000000000000000,        0.2400,                                                                                                   -,                    ,"0",,
 1396898,      out,unlocked,     2024-09-03 16:31:27Z,          12862.2000,        7017591.4340,f8c53965f8e6bc6a87f819962085faf5e0ff6c861f744a9bd3da601a685e9818,0000000000000000,        0.1200,                                                                                                   -,                    ,"0",,
 1396910,      out,unlocked,     2024-09-03 17:00:04Z,          54320.0000,        6963271.3140,f8918fa5a0d2dbf4e6aefbd35f9e8ddfbc0a0483411fb07571c2277176bbb756,0000000000000000,        0.1200,                                                                                                   -,                    ,"0",,
 1397026,       in,        ,     2024-09-03 20:42:04Z,             20.0000,        6963291.3140,02e4e04fd569b0554b7bf25dcb3c707dbd695ebcc3fc277da793aa0357679c65,0000000000000000,        0.0000,   Tw1WW1jYkS3144DkXTDQgg6j2fDk28KuDeYdQZb91UvnZ462yRExJz2h7k116wXbRp4JhcYyfb3PabpTuaRX9DiG2U5kGJ6wS,             20.0000,"0",,unlocked
 1397397,      out,unlocked,     2024-09-04 09:07:45Z,         588761.9711,        6374529.2229,6e5233bf1444af2cea37fce1b33d0ea2c05fa98d32a67f785fb54bfc58cd3d82,0000000000000000,        0.1200,                                                                                                   -,                    ,"0",,
 1397522,      out,unlocked,     2024-09-04 13:24:04Z,              0.0000,        6374529.0629,286f7729c808b36d1e20e21dce81207da1f87962481291c2e4a67813e446cac0,0000000000000000,        0.1600,                                                                                                   -,                    ,"0",,
 1397667,       in,        ,     2024-09-04 18:13:34Z,          10000.0000,        6384529.0629,f4e04332b1319c6d82e54edf5fc265e89428905985c06317ceb1410e28640b26,0000000000000000,        0.0000,   Tw1WW1jYkS3144DkXTDQgg6j2fDk28KuDeYdQZb91UvnZ462yRExJz2h7k116wXbRp4JhcYyfb3PabpTuaRX9DiG2U5kGJ6wS,          10000.0000,"0",,unlocked
 1397754,       in,        ,     2024-09-04 21:09:15Z,          50000.0000,        6434529.0629,0e5c6d05a230281ee88095405ded1d6a757374c615d9f3d2dc2c7a302954ceb5,0000000000000000,        0.0000,   Tw1WW1jYkS3144DkXTDQgg6j2fDk28KuDeYdQZb91UvnZ462yRExJz2h7k116wXbRp4JhcYyfb3PabpTuaRX9DiG2U5kGJ6wS,          50000.0000,"0",,unlocked
 1397781,       in,        ,     2024-09-04 22:07:19Z,          99999.0000,        6534528.0629,adfa188e7736c45ff7d617358b27cf254543d15febbffa49239e8a88ac387835,0000000000000000,        0.0000,   Tw1WW1jYkS3144DkXTDQgg6j2fDk28KuDeYdQZb91UvnZ462yRExJz2h7k116wXbRp4JhcYyfb3PabpTuaRX9DiG2U5kGJ6wS,          99999.0000,"0",,unlocked
 1397793,       in,        ,     2024-09-04 22:32:22Z,          99999.0000,        6634527.0629,86e4c18ec634c3bbe503aada4b1bf51e4524211ebad5eb71ee121d465c2493f7,0000000000000000,        0.0000,   Tw1WW1jYkS3144DkXTDQgg6j2fDk28KuDeYdQZb91UvnZ462yRExJz2h7k116wXbRp4JhcYyfb3PabpTuaRX9DiG2U5kGJ6wS,          99999.0000,"0",,unlocked
 1398110,       in,        ,     2024-09-05 09:12:55Z,          99999.0000,        6734526.0629,d0a1592cda7cd0d2a96e97638a039811a30023b0af94e63ff8d75af539e25ac0,0000000000000000,        0.0000,   Tw1WW1jYkS3144DkXTDQgg6j2fDk28KuDeYdQZb91UvnZ462yRExJz2h7k116wXbRp4JhcYyfb3PabpTuaRX9DiG2U5kGJ6wS,          99999.0000,"0",,unlocked
 1398167,       in,        ,     2024-09-05 11:11:59Z,          50000.0000,        6784526.0629,94db75061cbaf003bd363362533b272118387c77ffb72a3cacc83fa461189be0,0000000000000000,        0.0000,   Tw1WW1jYkS3144DkXTDQgg6j2fDk28KuDeYdQZb91UvnZ462yRExJz2h7k116wXbRp4JhcYyfb3PabpTuaRX9DiG2U5kGJ6wS,          50000.0000,"0",,unlocked
 1398240,      out,unlocked,     2024-09-05 13:28:27Z,              0.0000,        6784525.7029,10fc9d7b8ebaf41291ea4c0598e24f44c2dbfb39b419f3a46cc2f0b5d85c0369,0000000000000000,        0.3600,                                                                                                   -,                    ,"0",,
 1398659,      out,unlocked,     2024-09-06 03:22:19Z,          29100.0000,        6755425.5829,607f576f338fcb884d3ba124a9da1d580e48a23f23faeda2078bb904502134bd,0000000000000000,        0.1200,                                                                                                   -,                    ,"0",,
 1398671,      out,unlocked,     2024-09-06 03:46:03Z,         582080.5100,        6173344.9529,0308d3139d4e2a8c2ab91fad00573b8c981b5c1777ba7d381f728f1eb3c0ac37,0000000000000000,        0.1200,                                                                                                   -,                    ,"0",,
 1398853,       in,        ,     2024-09-06 09:51:10Z,          99999.0000,        6273343.9529,cd4256f2458d2a76ff86dd45364154e66e0a5377febd8d135ab825712cde4e33,0000000000000000,        0.0000,   Tw1WW1jYkS3144DkXTDQgg6j2fDk28KuDeYdQZb91UvnZ462yRExJz2h7k116wXbRp4JhcYyfb3PabpTuaRX9DiG2U5kGJ6wS,          99999.0000,"0",,unlocked
 1398963,      out,unlocked,     2024-09-06 13:30:38Z,              0.0000,        6273343.7929,5408fcc672421290da720eb9e28f23bc17f931474aa204e905c4bf7518d0173c,0000000000000000,        0.1600,                                                                                                   -,                    ,"0",,
 1398965,       in,        ,     2024-09-06 13:35:44Z,           9650.0000,        6282993.7929,27bd493bf53253a9e6660b4db46efad4eff499568be538d39a1d4ddca7f859a4,0000000000000000,        0.0000,   Tw1WW1jYkS3144DkXTDQgg6j2fDk28KuDeYdQZb91UvnZ462yRExJz2h7k116wXbRp4JhcYyfb3PabpTuaRX9DiG2U5kGJ6wS,           9650.0000,"0",,unlocked
 1398992,       in,        ,     2024-09-06 14:33:58Z,          25000.0000,        6307993.7929,69795d211ed94215e43ec715db1686b61519f7556802f1208c65b7b9fac6de1a,0000000000000000,        0.0000,   Tw1WW1jYkS3144DkXTDQgg6j2fDk28KuDeYdQZb91UvnZ462yRExJz2h7k116wXbRp4JhcYyfb3PabpTuaRX9DiG2U5kGJ6wS,          25000.0000,"0",,unlocked
 1399683,      out,unlocked,     2024-09-07 13:32:45Z,              0.0000,        6307993.5929,981d6dc924481a1fa8d01add7b0e310f82a2f4f9c3c6ef16ad8c85483a9926a5,0000000000000000,        0.2000,                                                                                                   -,                    ,"0",,
 1400399,      out,unlocked,     2024-09-08 13:38:28Z,              0.0000,        6307993.4729,804dd764d6079a55a76ed561e50444d7a2bcba0d062f49bca9e18e372d8a79d1,0000000000000000,        0.1200,                                                                                                   -,                    ,"0",,
 1400615,       in,        ,     2024-09-08 20:42:35Z,          20000.0000,        6327993.4729,724fe6cb5b3e2d0c135609641cf7c931593d229fc070ccef655abf486b25c2be,0000000000000000,        0.0000,   Tw1WW1jYkS3144DkXTDQgg6j2fDk28KuDeYdQZb91UvnZ462yRExJz2h7k116wXbRp4JhcYyfb3PabpTuaRX9DiG2U5kGJ6wS,          20000.0000,"0",,unlocked
 1400630,       in,        ,     2024-09-08 21:02:24Z,            100.0000,        6328093.4729,ff18ca05dc11c183de3c2259452df1857a1e77aaf6ef92722445dd8df4857b1f,0000000000000000,        0.0000,   Tw1WW1jYkS3144DkXTDQgg6j2fDk28KuDeYdQZb91UvnZ462yRExJz2h7k116wXbRp4JhcYyfb3PabpTuaRX9DiG2U5kGJ6wS,            100.0000,"0",,unlocked
 1401421,      out,unlocked,     2024-09-09 23:42:31Z,              0.0000,        6328093.2729,2df2715b0a4c98003b372a72137b0055d7a8268967518f6f98908158f961df8f,0000000000000000,        0.2000,                                                                                                   -,                    ,"0",,
 1402077,       in,        ,     2024-09-10 21:49:11Z,         250000.0000,        6578093.2729,167c2ac5e68517fc3ec5e2b52dea86c90c3c7079157742de79be1a94f1fa6a0d,0000000000000000,        0.0000,   Tw1WW1jYkS3144DkXTDQgg6j2fDk28KuDeYdQZb91UvnZ462yRExJz2h7k116wXbRp4JhcYyfb3PabpTuaRX9DiG2U5kGJ6wS,         250000.0000,"0",,unlocked
 1402096,      out,unlocked,     2024-09-10 22:32:49Z,         250000.0000,        6328093.2669,96932c34381909b2eee3e23957e2fce5b93bc2ec334f0ae56415ee8ed1b94a30,0000000000000000,        0.0060,                                                                                                   -,                    ,"0",,
 1402133,      out,unlocked,     2024-09-10 23:39:44Z,              0.0000,        6328093.1069,df5a7a3e1371ce3c9803520a54611d499f73dc8776b0b7cce5ae4b75e2ce2770,0000000000000000,        0.1600,                                                                                                   -,                    ,"0",,
 1402862,      out,unlocked,     2024-09-11 23:47:04Z,              0.0000,        6328092.9869,4482e7955a2b78b1e87fbd75b370b536b9fd940646b9722e63db6bddffad5c0f,0000000000000000,        0.1200,                                                                                                   -,                    ,"0",,
 1403207,      out,unlocked,     2024-09-12 11:44:01Z,         194000.0000,        6134092.8669,ddd3ae10ae57cfa2497448bf8c815eceb418ba69b3e5a5a64e79cae4b55cb426,0000000000000000,        0.1200,                                                                                                   -,                    ,"0",,
 1403934,      out,unlocked,     2024-09-13 11:57:51Z,              0.0000,        6134092.7469,168f799e2e06bb3b2f97f91426f6f42b3f01d3bfa72eae5d49f8f1ec39cbe55b,0000000000000000,        0.1200,                                                                                                   -,                    ,"0",,
 1405529,       in,        ,     2024-09-15 17:25:20Z,            100.0000,        6134192.7469,235fd3bc97d70ac395190ced4b9ba6948ec23a4d61834fe4f161a26c9179df2e,0000000000000000,        0.0000,   Tw1WW1jYkS3144DkXTDQgg6j2fDk28KuDeYdQZb91UvnZ462yRExJz2h7k116wXbRp4JhcYyfb3PabpTuaRX9DiG2U5kGJ6wS,            100.0000,"0",,unlocked
 1405534,       in,        ,     2024-09-15 17:47:21Z,            100.0000,        6134292.7469,b9ec8d34504695eeb73a8a5a6f93377b2b06a7ae627ebd026d5bac618df728bf,0000000000000000,        0.0000,   Tw1WW1jYkS3144DkXTDQgg6j2fDk28KuDeYdQZb91UvnZ462yRExJz2h7k116wXbRp4JhcYyfb3PabpTuaRX9DiG2U5kGJ6wS,            100.0000,"0",,unlocked
 1405553,      out,unlocked,     2024-09-15 18:24:40Z,             19.4000,        6134273.2269,064da28f5ae206d55b19a3e3d671c7e1ed4c4e2dd74b9fcfdadf7b016d690ddc,0000000000000000,        0.1200,                                                                                                   -,                    ,"0",,
 1405578,       in,        ,     2024-09-15 19:10:57Z,            100.0000,        6134373.2269,47e408030b5bf1702e63576be609c87ad00496403828ee80c9052bfcfdf50cdf,0000000000000000,        0.0000,   Tw1WW1jYkS3144DkXTDQgg6j2fDk28KuDeYdQZb91UvnZ462yRExJz2h7k116wXbRp4JhcYyfb3PabpTuaRX9DiG2U5kGJ6wS,            100.0000,"0",,unlocked
 1406271,       in,        ,     2024-09-16 18:17:01Z,          50000.0000,        6184373.2269,36815d1570bf24ce1fa5b233329ea4b02a958f2297f85b4943f4af076acffbb6,0000000000000000,        0.0000,   Tw1WW1jYkS3144DkXTDQgg6j2fDk28KuDeYdQZb91UvnZ462yRExJz2h7k116wXbRp4JhcYyfb3PabpTuaRX9DiG2U5kGJ6wS,          50000.0000,"0",,unlocked
 1406404,      out,unlocked,     2024-09-16 22:49:22Z,              0.0000,        6184372.9469,0f08ecd78636da86b8a2644a07a5bf54a6ae97f4073454df2df7c11e52d7bc13,0000000000000000,        0.2800,                                                                                                   -,                    ,"0",,
 1407132,      out,unlocked,     2024-09-17 22:57:03Z,              0.0000,        6184372.8269,4123650aa6791fccf50d5833d860f122a99cd5de80337f27a5923b0564a9ee4c,0000000000000000,        0.1200,                                                                                                   -,                    ,"0",,
 1407843,      out,unlocked,     2024-09-18 22:48:41Z,              0.0000,        6184372.7069,bb2b1ce3c68f340863ef2dda729cf78c5c75683ff2e707c0d713b927afa85718,0000000000000000,        0.1200,                                                                                                   -,                    ,"0",,
 1408567,      out,unlocked,     2024-09-19 22:51:09Z,              0.0000,        6184372.5869,b060821e30103cadb5791e2d59d882111f56ccc06fe7efe29880e02f1b58b91c,0000000000000000,        0.1200,                                                                                                   -,                    ,"0",,
 1408977,       in,        ,     2024-09-20 12:46:15Z,           1337.0000,        6185709.5869,4860111b419413993b762dff3059fbb50403c1a2977ade7a3631dfa36a89efca,0000000000000000,        0.0000,   Tw1WW1jYkS3144DkXTDQgg6j2fDk28KuDeYdQZb91UvnZ462yRExJz2h7k116wXbRp4JhcYyfb3PabpTuaRX9DiG2U5kGJ6wS,           1337.0000,"0",,unlocked
 1409201,       in,        ,     2024-09-20 20:08:13Z,           3263.8673,        6188973.4542,e7bd40b942e13c19f44d292e5c591b78ea7ad72e40be79e040942e8681f05728,0000000000000000,        0.0000,   Tw1WW1jYkS3144DkXTDQgg6j2fDk28KuDeYdQZb91UvnZ462yRExJz2h7k116wXbRp4JhcYyfb3PabpTuaRX9DiG2U5kGJ6wS,           3263.8673,"0",,unlocked
 1409201,       in,        ,     2024-09-20 20:08:13Z,          15485.5691,        6204459.0233,d779f64f8972699f949fb3ff9ed8e3f310fdbb7e5d7fc953d150e9a06e735a01,0000000000000000,        0.0000,   Tw1WW1jYkS3144DkXTDQgg6j2fDk28KuDeYdQZb91UvnZ462yRExJz2h7k116wXbRp4JhcYyfb3PabpTuaRX9DiG2U5kGJ6wS,          15485.5691,"0",,unlocked
 1409201,       in,        ,     2024-09-20 20:08:13Z,           5514.3905,        6209973.4138,4808b6a806ab19946bf0dfa51e53ae5b9ef7547a38dbdcc508fecc46ae14a2fc,0000000000000000,        0.0000,   Tw1WW1jYkS3144DkXTDQgg6j2fDk28KuDeYdQZb91UvnZ462yRExJz2h7k116wXbRp4JhcYyfb3PabpTuaRX9DiG2U5kGJ6wS,           5514.3905,"0",,unlocked
 1409201,       in,        ,     2024-09-20 20:08:13Z,           3425.3005,        6213398.7143,7f9bbddfcd79ef882203d73de4fb2c34e205cdb2a672756b9103100b08f953e1,0000000000000000,        0.0000,   Tw1WW1jYkS3144DkXTDQgg6j2fDk28KuDeYdQZb91UvnZ462yRExJz2h7k116wXbRp4JhcYyfb3PabpTuaRX9DiG2U5kGJ6wS,           3425.3005,"0",,unlocked
 1409202,       in,        ,     2024-09-20 20:09:44Z,           3642.8432,        6217041.5575,0966006b6053af57c13d9e5847e830412a07dd62d9c89e24fcb07a0d11f00398,0000000000000000,        0.0000,   Tw1WW1jYkS3144DkXTDQgg6j2fDk28KuDeYdQZb91UvnZ462yRExJz2h7k116wXbRp4JhcYyfb3PabpTuaRX9DiG2U5kGJ6wS,           3642.8432,"0",,unlocked
 1409202,       in,        ,     2024-09-20 20:09:44Z,           3465.3050,        6220506.8625,d8c75512dc5b80554bb14c05bd96c55e75e7ffcea6bc5d7ae4775417ff5f0b95,0000000000000000,        0.0000,   Tw1WW1jYkS3144DkXTDQgg6j2fDk28KuDeYdQZb91UvnZ462yRExJz2h7k116wXbRp4JhcYyfb3PabpTuaRX9DiG2U5kGJ6wS,           3465.3050,"0",,unlocked
 1409202,       in,        ,     2024-09-20 20:09:44Z,           3420.6693,        6223927.5318,87807ac80d6c4ef0d860293eda219bbffecb85fdba4a10cbe5eb94703d13f125,0000000000000000,        0.0000,   Tw1WW1jYkS3144DkXTDQgg6j2fDk28KuDeYdQZb91UvnZ462yRExJz2h7k116wXbRp4JhcYyfb3PabpTuaRX9DiG2U5kGJ6wS,           3420.6693,"0",,unlocked
 1409202,       in,        ,     2024-09-20 20:09:44Z,           3327.7152,        6227255.2470,430018de95c9b87bcc5cefb96cbf7e09bf0f2b7fae49b214d64b8eebb16f6685,0000000000000000,        0.0000,   Tw1WW1jYkS3144DkXTDQgg6j2fDk28KuDeYdQZb91UvnZ462yRExJz2h7k116wXbRp4JhcYyfb3PabpTuaRX9DiG2U5kGJ6wS,           3327.7152,"0",,unlocked
 1409202,       in,        ,     2024-09-20 20:09:44Z,           1452.8178,        6228708.0648,d871f30243739ca7e57139e728d0e23701e0f3abc0e034386bc1b16ccb98d68a,0000000000000000,        0.0000,   Tw1WW1jYkS3144DkXTDQgg6j2fDk28KuDeYdQZb91UvnZ462yRExJz2h7k116wXbRp4JhcYyfb3PabpTuaRX9DiG2U5kGJ6wS,           1452.8178,"0",,unlocked
 1409203,       in,        ,     2024-09-20 20:10:05Z,           3422.9857,        6232131.0505,d81d5dd5353f9826d354a36b1a203c1225483ac847306671c6df84430b7fdd7e,0000000000000000,        0.0000,   Tw1WW1jYkS3144DkXTDQgg6j2fDk28KuDeYdQZb91UvnZ462yRExJz2h7k116wXbRp4JhcYyfb3PabpTuaRX9DiG2U5kGJ6wS,           3422.9857,"0",,unlocked
 1409203,       in,        ,     2024-09-20 20:10:05Z,           3416.7307,        6235547.7812,7ae7586ea27da988d15d7de87710e114a45481a24f54ade69ded0e3f15b4729b,0000000000000000,        0.0000,   Tw1WW1jYkS3144DkXTDQgg6j2fDk28KuDeYdQZb91UvnZ462yRExJz2h7k116wXbRp4JhcYyfb3PabpTuaRX9DiG2U5kGJ6wS,           3416.7307,"0",,unlocked
 1409203,       in,        ,     2024-09-20 20:10:05Z,           4675.3498,        6240223.1310,abe25a187aab3916b77dc941c0293ad2da00d18a75b4cb8dfd47df448e8c93ef,0000000000000000,        0.0000,   Tw1WW1jYkS3144DkXTDQgg6j2fDk28KuDeYdQZb91UvnZ462yRExJz2h7k116wXbRp4JhcYyfb3PabpTuaRX9DiG2U5kGJ6wS,           4675.3498,"0",,unlocked
 1409203,       in,        ,     2024-09-20 20:10:05Z,           3502.1280,        6243725.2590,e467ac4314dd7dc896a082445b46f8acf9decc4cb0dda4539b4cf4f288d9a6c6,0000000000000000,        0.0000,   Tw1WW1jYkS3144DkXTDQgg6j2fDk28KuDeYdQZb91UvnZ462yRExJz2h7k116wXbRp4JhcYyfb3PabpTuaRX9DiG2U5kGJ6wS,           3502.1280,"0",,unlocked
 1409204,       in,        ,     2024-09-20 20:10:43Z,           3233.7270,        6246958.9860,a64c8aceb32f7bc82028681d3a28a9ffec466ebb9dcf2d772f45a55f0ec08cc5,0000000000000000,        0.0000,   Tw1WW1jYkS3144DkXTDQgg6j2fDk28KuDeYdQZb91UvnZ462yRExJz2h7k116wXbRp4JhcYyfb3PabpTuaRX9DiG2U5kGJ6wS,           3233.7270,"0",,unlocked
 1409204,       in,        ,     2024-09-20 20:10:43Z,           7252.6987,        6254211.6847,268f56b5744543140544ad7bfe74384d1fa516e765e04e706dc31d0bd46c2c7b,0000000000000000,        0.0000,   Tw1WW1jYkS3144DkXTDQgg6j2fDk28KuDeYdQZb91UvnZ462yRExJz2h7k116wXbRp4JhcYyfb3PabpTuaRX9DiG2U5kGJ6wS,           7252.6987,"0",,unlocked
 1409204,       in,        ,     2024-09-20 20:10:43Z,           5405.8217,        6259617.5064,7627b300c4021330202a6a86bab333987e4354a412ddf226dec358dc6ce823cf,0000000000000000,        0.0000,   Tw1WW1jYkS3144DkXTDQgg6j2fDk28KuDeYdQZb91UvnZ462yRExJz2h7k116wXbRp4JhcYyfb3PabpTuaRX9DiG2U5kGJ6wS,           5405.8217,"0",,unlocked
 1409204,       in,        ,     2024-09-20 20:10:43Z,           3394.4929,        6263011.9993,8ff8cea307f3d8317bdf4d6e10cb51264bb77cdf68b5e4b0909ceabe368d892f,0000000000000000,        0.0000,   Tw1WW1jYkS3144DkXTDQgg6j2fDk28KuDeYdQZb91UvnZ462yRExJz2h7k116wXbRp4JhcYyfb3PabpTuaRX9DiG2U5kGJ6wS,           3394.4929,"0",,unlocked
 1409205,       in,        ,     2024-09-20 20:12:19Z,           8697.5876,        6271709.5869,77e93a545115ffdba49317076fb7942277eccf733bfeb204fa9d8e71205338fc,0000000000000000,        0.0000,   Tw1WW1jYkS3144DkXTDQgg6j2fDk28KuDeYdQZb91UvnZ462yRExJz2h7k116wXbRp4JhcYyfb3PabpTuaRX9DiG2U5kGJ6wS,           8697.5876,"0",,unlocked
 1409280,      out,unlocked,     2024-09-20 22:56:42Z,              0.0000,        6271708.6269,d6994b1bbdb4ae590d90119c8c67834d22ad87acba34f884d319a3068362eb38,0000000000000000,        0.9600,                                                                                                   -,                    ,"0",,
 1410400,       in,        ,     2024-09-22 13:11:53Z,             50.0000,        6271758.6269,e52857153cc45927a4c1d54ea6be1bcb4d1117dbdd73808cf28f63ece14554c0,0000000000000000,        0.0000,   Tw1WW1jYkS3144DkXTDQgg6j2fDk28KuDeYdQZb91UvnZ462yRExJz2h7k116wXbRp4JhcYyfb3PabpTuaRX9DiG2U5kGJ6wS,             50.0000,"0",,unlocked
 1410437,      out,unlocked,     2024-09-22 14:32:53Z,          80916.4299,        6190842.0770,b8c7b7e20a1c2cddb8a8d5152419cf0afa244b1d4a0651099043f9fa34073e58,0000000000000000,        0.1200,                                                                                                   -,                    ,"0",,
 1411122,      out,unlocked,     2024-09-23 13:35:59Z,              0.0000,        6190841.9170,4c97279ea6667324f4603fe75d772834892b11b6a01b68647f4892649b6be15c,0000000000000000,        0.1600,                                                                                                   -,                    ,"0",,
 1411541,       in,        ,     2024-09-24 03:53:46Z,            100.0000,        6190941.9170,2d297dcbf8871e1981c4600cb51d166796e2ccc6662ff3025a7be3541cded8a8,0000000000000000,        0.0000,   Tw1WW1jYkS3144DkXTDQgg6j2fDk28KuDeYdQZb91UvnZ462yRExJz2h7k116wXbRp4JhcYyfb3PabpTuaRX9DiG2U5kGJ6wS,            100.0000,"0",,unlocked
 1411541,       in,        ,     2024-09-24 03:53:46Z,            100.0000,        6191041.9170,5be4fe82670bff9bde30a9d7f1d97dc90d6275f554fce2fdd1aeaf9650d61a33,0000000000000000,        0.0000,   Tw1WW1jYkS3144DkXTDQgg6j2fDk28KuDeYdQZb91UvnZ462yRExJz2h7k116wXbRp4JhcYyfb3PabpTuaRX9DiG2U5kGJ6wS,            100.0000,"0",,unlocked
 1411543,       in,        ,     2024-09-24 04:00:13Z,            100.0000,        6191141.9170,3b201758fe0e9868635274ddb4f7a282ffddf24f149db5b0707e6be232f4d48c,0000000000000000,        0.0000,   Tw1WW1jYkS3144DkXTDQgg6j2fDk28KuDeYdQZb91UvnZ462yRExJz2h7k116wXbRp4JhcYyfb3PabpTuaRX9DiG2U5kGJ6wS,            100.0000,"0",,unlocked
 1411544,       in,        ,     2024-09-24 04:00:28Z,            100.0000,        6191241.9170,04c3b0f7ba1a7df64425fee5e6ea5d5fe5b9783230c2af7f8d17516447f343e9,0000000000000000,        0.0000,   Tw1WW1jYkS3144DkXTDQgg6j2fDk28KuDeYdQZb91UvnZ462yRExJz2h7k116wXbRp4JhcYyfb3PabpTuaRX9DiG2U5kGJ6wS,            100.0000,"0",,unlocked
 1411550,       in,        ,     2024-09-24 04:10:33Z,            100.0000,        6191341.9170,c5355af03c147e82ae7a6326dc4851e9672469d4980bfe61dc1458bb58618ba2,0000000000000000,        0.0000,   Tw1WW1jYkS3144DkXTDQgg6j2fDk28KuDeYdQZb91UvnZ462yRExJz2h7k116wXbRp4JhcYyfb3PabpTuaRX9DiG2U5kGJ6wS,            100.0000,"0",,unlocked
 1411553,       in,        ,     2024-09-24 04:13:01Z,            100.0000,        6191441.9170,40ced515f396993c6fc8b007612655a1474cd15e4d68bbd70b79b5388d6d0d66,0000000000000000,        0.0000,   Tw1WW1jYkS3144DkXTDQgg6j2fDk28KuDeYdQZb91UvnZ462yRExJz2h7k116wXbRp4JhcYyfb3PabpTuaRX9DiG2U5kGJ6wS,            100.0000,"0",,unlocked
 1411557,       in,        ,     2024-09-24 04:15:48Z,            100.0000,        6191541.9170,5c0bdc997c13eaae0eceac3966c9135176c4b4162a85bd511f7c042d5e24f11d,0000000000000000,        0.0000,   Tw1WW1jYkS3144DkXTDQgg6j2fDk28KuDeYdQZb91UvnZ462yRExJz2h7k116wXbRp4JhcYyfb3PabpTuaRX9DiG2U5kGJ6wS,            100.0000,"0",,unlocked
 1411558,       in,        ,     2024-09-24 04:16:24Z,            100.0000,        6191641.9170,7c0582c08a38b9580bf7291224d431ee86a4e7f9ddd631a24976f9dd3e3baa92,0000000000000000,        0.0000,   Tw1WW1jYkS3144DkXTDQgg6j2fDk28KuDeYdQZb91UvnZ462yRExJz2h7k116wXbRp4JhcYyfb3PabpTuaRX9DiG2U5kGJ6wS,            100.0000,"0",,unlocked
 1411560,       in,        ,     2024-09-24 04:19:29Z,            100.0000,        6191741.9170,36b29cc05c7e945a443b611889798453df4dcf433a232e8f317bfe25fa07934e,0000000000000000,        0.0000,   Tw1WW1jYkS3144DkXTDQgg6j2fDk28KuDeYdQZb91UvnZ462yRExJz2h7k116wXbRp4JhcYyfb3PabpTuaRX9DiG2U5kGJ6wS,            100.0000,"0",,unlocked
 1411835,      out,unlocked,     2024-09-24 13:33:53Z,              0.0000,        6191741.3970,04534782426c9b7f9ac3e575710ea64c0189246a89ef1824efd2ba567e4cea86,0000000000000000,        0.5200,                                                                                                   -,                    ,"0",,
 1412518,      out,unlocked,     2024-09-25 13:38:20Z,              0.0000,        6191741.2770,185b60b3c9d367b026738ced9ceaf511c9c6467305b60ea55a846a5e883fea49,0000000000000000,        0.1200,                                                                                                   -,                    ,"0",,
 1413236,      out,unlocked,     2024-09-26 13:36:21Z,              0.0000,        6191741.1570,9d0c6cbc8052d28e701279f3c3fdbfe84a03beef85a4d527998b570f997a8fee,0000000000000000,        0.1200,                                                                                                   -,                    ,"0",,
 1413509,       in,        ,     2024-09-26 22:58:17Z,             10.0000,        6191751.1570,2e4aa12a4ba2c2cb0478be9836511798b0318751d3b37edded0b3bf90b2ecd2f,0000000000000000,        0.0000,   Tw1WW1jYkS3144DkXTDQgg6j2fDk28KuDeYdQZb91UvnZ462yRExJz2h7k116wXbRp4JhcYyfb3PabpTuaRX9DiG2U5kGJ6wS,             10.0000,"0",,unlocked
 1416258,       in,        ,     2024-09-30 20:35:37Z,             30.0000,        6191781.1570,2072786fd08cadc97e8e00d1d0546aeda36638f49d7d97af5209351ea242fdb6,0000000000000000,        0.0000,   Tw1WW1jYkS3144DkXTDQgg6j2fDk28KuDeYdQZb91UvnZ462yRExJz2h7k116wXbRp4JhcYyfb3PabpTuaRX9DiG2U5kGJ6wS,             30.0000,"0",,unlocked
 1416339,      out,unlocked,     2024-09-30 23:26:33Z,            162.9600,        6191618.0770,aaf4bcfe8691df8f7d2cc09510e64bbbd37e2fc2fca8cab224e9b3b517fa877b,0000000000000000,        0.1200,                                                                                                   -,                    ,"0",,
 1417058,      out,unlocked,     2024-10-01 23:29:17Z,              0.0000,        6191617.8770,73827c40d6d4bb671d6df7a35ea29b5e5161e58446d40cfd3564624924c99fbb,0000000000000000,        0.2000,                                                                                                   -,                    ,"0",,
 1417767,      out,unlocked,     2024-10-02 23:33:53Z,              0.0000,        6191617.7570,7cb147004e59b6758923bfba416a543d3170edfd01fd490caa29591379e4a459,0000000000000000,        0.1200,                                                                                                   -,                    ,"0",,
 1418476,      out,unlocked,     2024-10-03 23:41:39Z,              0.0000,        6191617.6370,8883e9f1808d0ebf9f466dc684daa50f4eac3ee1cfcd6af326102349711130a9,0000000000000000,        0.1200,                                                                                                   -,                    ,"0",,
 1419181,      out,unlocked,     2024-10-04 23:43:46Z,              0.0000,        6191617.5170,e82e63c42a7ad93b7cfbf01e232e5c86a81ae3fba55e92ce2ccdd4f50ce48f48,0000000000000000,        0.1200,                                                                                                   -,                    ,"0",,
 1419352,       in,        ,     2024-10-05 05:09:27Z,          10000.0000,        6201617.5170,582e69f2c17f51f014df693eadc30c31d36b0acf62fd0894b914adc9a354ef4f,0000000000000000,        0.0000,   Tw1WW1jYkS3144DkXTDQgg6j2fDk28KuDeYdQZb91UvnZ462yRExJz2h7k116wXbRp4JhcYyfb3PabpTuaRX9DiG2U5kGJ6wS,          10000.0000,"0",,unlocked
 1419393,       in,        ,     2024-10-05 06:42:08Z,          50000.0000,        6251617.5170,edc0b795ae5d3953108af729366629517e151e73770b255cedca72cccbf530d0,0000000000000000,        0.0000,   Tw1WW1jYkS3144DkXTDQgg6j2fDk28KuDeYdQZb91UvnZ462yRExJz2h7k116wXbRp4JhcYyfb3PabpTuaRX9DiG2U5kGJ6wS,          50000.0000,"0",,unlocked
 1419615,       in,        ,     2024-10-05 14:10:35Z,           1857.0000,        6253474.5170,733dff23b5a1d808d3087067bb29db2fb84a448ff3c975a3e42a433ae5e43e24,0000000000000000,        0.0000,   Tw1WW1jYkS3144DkXTDQgg6j2fDk28KuDeYdQZb91UvnZ462yRExJz2h7k116wXbRp4JhcYyfb3PabpTuaRX9DiG2U5kGJ6wS,           1857.0000,"0",,unlocked
 1419635,      out,unlocked,     2024-10-05 14:50:16Z,        2814017.3263,        3439457.0707,bf15af5e751036aea7998765bfade4195d57f7f361b23aa2a44c649d1dcc4f4d,0000000000000000,        0.1200,                                                                                                   -,                    ,"0",,
 1420235,       in,        ,     2024-10-06 11:41:14Z,             10.0000,        3439467.0707,b9c7b44d37fa15ef97cb31192191fdef8cdcddecfa0fb2117cb223a6d098cb3b,0000000000000000,        0.0000,   Tw1WW1jYkS3144DkXTDQgg6j2fDk28KuDeYdQZb91UvnZ462yRExJz2h7k116wXbRp4JhcYyfb3PabpTuaRX9DiG2U5kGJ6wS,             10.0000,"0",,unlocked
 1420281,      out,unlocked,     2024-10-06 12:59:11Z,        3186970.2813,         252496.6694,e9f3cf27499aa14aa3f9745601399bf92f9241f968cdb841f3b4d5dfd781072a,0000000000000000,        0.1200,                                                                                                   -,                    ,"0",,
 1420350,      out,unlocked,     2024-10-06 15:05:48Z,              0.0000,         252496.3894,011cb24344275787a835c087546058801d898d34c2d4ccb3f0cdb0c04aacd3e0,0000000000000000,        0.2800,                                                                                                   -,                    ,"0",,
 1420601,      out,unlocked,     2024-10-06 23:37:37Z,           9063.6800,         243432.5894,856dde3f4de650be02cd8e3ece305ed960af78b260db554344ddfed866562262,0000000000000000,        0.1200,                                                                                                   -,                    ,"0",,
 1420613,      out,unlocked,     2024-10-06 23:58:31Z,          29112.7636,         214319.7058,b0c04ab0a2606fd30efe03feffe45332a20323011f5ba21ebc04cc3420423156,0000000000000000,        0.1200,                                                                                                   -,                    ,"0",,
 1421065,      out,unlocked,     2024-10-07 15:13:35Z,              0.0000,         214319.5858,fe3571474b31727cf9a60322ab78c9ccc8a76f95793974c70fa358f3b140366f,0000000000000000,        0.1200,                                                                                                   -,                    ,"0",,
